id,name
1,Verőce
2,Abony
3,Acsa
4,Albertirsa
5,Alsónémedi
6,Apaj
7,Aszód
8,Áporka
9,Bag
10,Bernecebaráti
11,Bénye
12,Biatorbágy
13,Budajenő
14,Budakalász
15,Budakeszi
16,Budaörs
17,Bugyi
18,Cegléd
19,Ceglédbercel
20,Csemő
21,Csévharaszt
22,Csobánka
23,Csomád
24,Csömör
25,Csörög
26,Csővár
27,Dabas
28,Dánszentmiklós
29,Dány
30,Délegyháza
31,Diósd
32,Domony
33,Dömsöd
34,Dunabogdány
35,Dunaharaszti
36,Dunakeszi
37,Dunavarsány
38,Ecser
39,Erdőkertes
40,Érd
41,Farmos
42,Felsőpakony
43,Fót
44,Galgagyörk
45,Galgahévíz
46,Galgamácsa
47,Gomba
48,Göd
49,Gödöllő
50,Gyál
51,Gyömrő
52,Halásztelek
53,Herceghalom
54,Hernád
55,Hévízgyörk
56,Iklad
57,Inárcs
58,Ipolydamásd
59,Ipolytölgyes
60,Isaszeg
61,Jászkarajenő
62,Kakucs
63,Kartal
64,Káva
65,Kemence
66,Kerepestarcsa
67,Kiskunlacháza
68,Kismaros
69,Kisnémedi
70,Kisoroszi
71,Kocsér
72,Kosd
73,Kóka
74,Kóspallag
75,Kőröstetétlen
76,Leányfalu
77,Letkés
78,Lórév
79,Maglód
80,Majosháza
81,Makád
82,Márianosztra
83,Mende
84,Mikebuda
85,Mogyoród
86,Monor
87,Nagybörzsöny
88,Nagykáta
89,Nagykovácsi
90,Nagykőrös
91,Nagytarcsa
92,Nyáregyháza
93,Nyársapát
94,Ócsa
95,Örkény
96,Őrbottyán
97,Pánd
98,Páty
99,Penc
100,Perbál
101,Perőcsény
102,Pécel
103,Péteri
104,Pilis
105,Pilisborosjenő
106,Piliscsaba
107,Pilisszántó
108,Pilisszentiván
109,Pilisszentkereszt
110,Pilisszentlászló
111,Pilisvörösvár
112,Pomáz
113,Pócsmegyer
114,Pusztavacs
115,Pusztazámor
116,Püspökhatvan
117,Püspökszilágy
118,Ráckeve
119,Rád
120,Solymár
121,Sóskút
122,Sülysáp
123,Szada
124,Százhalombatta
125,Szentendre
126,Szentlőrinckáta
127,Szentmártonkáta
128,Szigetbecse
129,Szigetcsép
130,Szigethalom
131,Szigetmonostor
132,Szigetszentmárton
133,Szigetszentmiklós
134,Szigetújfalu
135,Szob
136,Szokolya
137,Sződ
138,Sződliget
139,Tahitótfalu
140,Taksony
141,Tatárszentgyörgy
142,Táborfalva
143,Tápióbicske
144,Tápiógyörgye
145,Tápióság
146,Tápiószecső
147,Tápiószele
148,Tápiószentmárton
149,Tápiószőlős
150,Tárnok
151,Telki
152,Tésa
153,Tinnye
154,Tóalmás
155,Tök
156,Tököl
157,Törökbálint
158,Törtel
159,Tura
160,Újhartyán
161,Újlengyel
162,Újszilvás
163,Úri
164,Üllő
165,Üröm
166,Valkó
167,Vasad
168,Vác
169,Vácduka
170,Vácegres
171,Váchartyán
172,Váckisújfalu
173,Vácrátót
174,Vácszentlászló
175,Vámosmikola
176,Vecsés
177,Veresegyház
178,Verseg
179,Visegrád
180,Zebegény
181,Zsámbék
182,Zsámbok
183,Kerepes
184,Nagymaros
185,Alsópetény
186,Alsótold
187,Balassagyarmat
188,Bárna
189,Bátonyterenye
190,Becske
191,Bercel
192,Berkenye
193,Bér
194,Bokor
195,Borsosberény
196,Buják
197,Cered
198,Cserháthaláp
199,Cserhátsurány
200,Cserhátszentiván
201,Csesztve
202,Csécse
203,Csitár
204,Debercsény
205,Dejtár
206,Diósjenő
207,Dorogháza
208,Drégelypalánk
209,Ecseg
210,Egyházasdengeleg
211,Egyházasgerge
212,Endrefalva
213,Erdőkürt
214,Erdőtarcsa
215,Etes
216,Érsekvadkert
217,Felsőpetény
218,Felsőtold
219,Galgaguta
220,Garáb
221,Herencsény
222,Héhalom
223,Hollókő
224,Hont
225,Horpács
226,Hugyag
227,Iliny
228,Ipolytarnóc
229,Ipolyvece
230,Jobbágyi
231,Karancsalja
232,Karancsberény
233,Karancskeszi
234,Karancslapujtő
235,Karancsság
236,Kazár
237,Kálló
238,Keszeg
239,Kisbágyon
240,Kisbárkány
241,Kisecset
242,Kishartyán
243,Kozárd
244,Kutasó
245,Legénd
246,Litke
247,Lucfalva
248,Ludányhalászi
249,Magyargéc
250,Magyarnándor
251,Márkháza
252,Mátramindszent
253,Mátranovák
254,Mátraszele
255,Mátraszőlős
256,Mátraterenye
257,Mátraverebély
258,Mihálygerge
259,Mohora
260,Nagybárkány
261,Nagylóc
262,Nagyoroszi
263,Nemti
264,Nézsa
265,Nógrád
266,Nógrádkövesd
267,Nógrádmarcal
268,Nógrádmegyer
269,Nógrádsáp
270,Nógrádsipek
271,Nógrádszakál
272,Őrhalom
273,Ősagárd
274,Palotás
275,Patak
276,Patvarc
277,Pásztó
278,Piliny
279,Pusztaberki
280,Rétság
281,Rimóc
282,Romhány
283,Salgótarján
284,Ságújfalu
285,Sámsonháza
286,Sóshartyán
287,Szalmatercs
288,Szanda
289,Szarvasgede
290,Szátok
291,Szendehely
292,Szente
293,Szécsénke
294,Szécsény
295,Szécsényfelfalu
296,Szilaspogony
297,Szirák
298,Szuha
299,Szurdokpüspöki
300,Szügy
301,Tar
302,Tereske
303,Terény
304,Vanyarc
305,Varsány
306,Vizslás
307,Zabar
308,Bánk
309,Kétbodony
310,Nőtincs
311,Akasztó
312,Apostag
313,Ágasegyháza
314,Baja
315,Ballószög
316,Balotaszállás
317,Bácsalmás
318,Bácsbokod
319,Bácsborsód
320,Bácsszőlős
321,Bátmonostor
322,Bátya
323,Borota
324,Bócsa
325,Bugac
326,Bugacpusztaháza
327,Császártöltés
328,Csátalja
329,Csávoly
330,Csengőd
331,Csikéria
332,Csólyospálos
333,Dávod
334,Dunaegyháza
335,Dunapataj
336,Dunaszentbenedek
337,Dunavecse
338,Dusnok
339,Érsekcsanád
340,Fajsz
341,Felsőlajos
342,Felsőszentiván
343,Foktő
344,Fülöpháza
345,Fülöpjakab
346,Fülöpszállás
347,Gara
348,Gátér
349,Géderlak
350,Hajós
351,Harkakötöny
352,Harta
353,Helvécia
354,Hercegszántó
355,Homokmégy
356,Imrehegy
357,Izsák
358,Jakabszállás
359,Jánoshalma
360,Jászszentlászló
361,Kalocsa
362,Kaskantyú
363,Katymár
364,Kecel
365,Kecskemét
366,Kelebia
367,Kerekegyháza
368,Kiskőrös
369,Kiskunfélegyháza
370,Kiskunhalas
371,Kiskunmajsa
372,Kisszállás
373,Kömpöc
374,Kunadacs
375,Kunbaja
376,Kunbaracs
377,Kunfehértó
378,Kunpeszér
379,Kunszállás
380,Kunszentmiklós
381,Ladánybene
382,Lajosmizse
383,Lakitelek
384,Madaras
385,Mátételke
386,Mélykút
387,Miske
388,Nagybaracska
389,Nemesnádudvar
390,Nyárlőrinc
391,Ordas
392,Orgovány
393,Öregcsertő
394,Páhi
395,Pálmonostora
396,Petőfiszállás
397,Pirtó
398,Rém
399,Solt
400,Soltszentimre
401,Soltvadkert
402,Sükösd
403,Szakmár
404,Szalkszentmárton
405,Szank
406,Szentkirály
407,Szeremle
408,Tabdi
409,Tass
410,Tataháza
411,Tázlár
412,Tiszaalpár
413,Tiszakécske
414,Tompa
415,Uszód
416,Újsolt
417,Vaskút
418,Városföld
419,Zsana
420,Lászlófalva
421,Drágszél
422,Dunatetétlen
423,Érsekhalma
424,Kéleshalom
425,Újtelek
426,Bácsszentgyörgy
427,Móricgát
428,Szabadszállás
429,Adásztevel
430,Adorjánháza
431,Ajka
432,Alsóörs
433,Apácatorna
434,Aszófő
435,Ábrahámhegy
436,Badacsonytomaj
437,Badacsonytördemic
438,Bakonybél
439,Bakonygyirót
440,Bakonyjákó
441,Bakonykoppány
442,Bakonynána
443,Bakonyoszlop
444,Bakonypéterd
445,Bakonypölöske
446,Bakonyság
447,Bakonyszentiván
448,Bakonyszentkirály
449,Bakonyszentlászló
450,Bakonyszücs
451,Bakonytamási
452,Balatonakali
453,Balatonalmádi
454,Balatoncsicsó
455,Balatonederics
456,Balatonfőkajár
457,Balatonfüred
458,Balatonfűzfő
459,Balatonhenye
460,Balatonkenese
461,Balatonrendes
462,Balatonszepezd
463,Balatonszőlős
464,Balatonudvari
465,Balatonvilágos
466,Barnag
467,Bazsi
468,Bánd
469,Berhida
470,Béb
471,Békás
472,Bodorfa
473,Borszörcsök
474,Borzavár
475,Csabrendek
476,Csajág
477,Csehbánya
478,Csesznek
479,Csetény
480,Csikvánd
481,Csopak
482,Csót
483,Csögle
484,Dabronc
485,Dabrony
486,Dáka
487,Devecser
488,Doba
489,Döbrönte
490,Dörgicse
491,Dudar
492,Egeralja
493,Egyházaskesző
494,Farkasgyepű
495,Felsőörs
496,Fenyőfő
497,Ganna
498,Gecse
499,Gic
500,Gógánfa
501,Gyarmat
502,Gyepükaján
503,Gyulakeszi
504,Hajmáskér
505,Halimba
506,Hárskút
507,Hegyesd
508,Hegymagas
509,Herend
510,Hetyefő
511,Hidegkút
512,Homokbödöge
513,Hosztót
514,Iszkáz
515,Jásd
516,Kamond
517,Kapolcs
518,Karakószörcsök
519,Káptalanfa
520,Káptalantóti
521,Kemeneshőgyész
522,Kemenesszentpéter
523,Kerta
524,Kékkút
525,Királyszentistván
526,Kisapáti
527,Kisberzseny
528,Kiscsősz
529,Kislőd
530,Kispirit
531,Kisszőlős
532,Kolontár
533,Köveskál
534,Kővágóörs
535,Kup
536,Külsővat
537,Küngös
538,Lázi
539,Lesencefalu
540,Lesenceistvánd
541,Lesencetomaj
542,Litér
543,Lovas
544,Lovászpatona
545,Magyargencs
546,Magyarpolány
547,Malomsok
548,Marcalgergelyi
549,Marcaltő
550,Márkó
551,Megyer
552,Mencshely
553,Mezőlak
554,Mihályháza
555,Mindszentkálla
556,Monostorapáti
557,Monoszló
558,Nagyacsád
559,Nagyalásony
560,Nagydém
561,Nagygyimót
562,Nagypirit
563,Nagytevel
564,Nagyvázsony
565,Nemesgörzsöny
566,Nemesgulács
567,Nemeshany
568,Nemesszalók
569,Nemesvámos
570,Nemesvita
571,Németbánya
572,Noszlop
573,Nóráp
574,Nyárád
575,Nyirád
576,Oroszi
577,Óbudavár
578,Öcs
579,Örvényes
580,Öskü
581,Ősi
582,Paloznak
583,Papkeszi
584,Pápa
585,Pápadereske
586,Pápakovácsi
587,Pápasalamon
588,Pápateszér
589,Pécsely
590,Pénzesgyőr
591,Porva
592,Pula
593,Pusztamiske
594,Raposka
595,Révfülöp
596,Rigács
597,Románd
598,Salföld
599,Sáska
600,Sikátor
601,Somlójenő
602,Somlószőlős
603,Somlóvásárhely
604,Somlóvecse
605,Sóly
606,Sümeg
607,Sümegprága
608,Szápár
609,Szentantalfa
610,Szentbékkálla
611,Szentgál
612,Szentimrefalva
613,Szentjakabfa
614,Szentkirályszabadja
616,Szigliget
617,Szőc
618,Tagyon
619,Takácsi
620,Taliándörögd
621,Tapolca
622,Tés
623,Tihany
624,Tótvázsony
625,Ugod
626,Ukk
627,Úrkút
628,Vanyola
629,Vaszar
630,Várkesző
631,Városlőd
632,Várpalota
633,Vászoly
634,Veszprém
635,Veszprémfajsz
636,Veszprémgalsa
637,Veszprémvarsány
638,Vid
639,Vigántpetend
640,Vilonya
641,Vinár
642,Vöröstó
643,Zalaerdőd
644,Zalagyömörő
645,Zalahaláp
646,Zalameggyes
647,Zalaszegvár
648,Zánka
649,Zirc
650,Eplény
651,Lókút
652,Nagyesztergár
653,Olaszfalu
654,Tüskevár
655,Andocs
656,Ádánd
657,Babócsa
658,Bakháza
659,Balatonberény
660,Balatonendréd
661,Balatonföldvár
662,Balatonkeresztúr
663,Balatonmáriafürdő
664,Balatonőszöd
665,Balatonszabadi
666,Balatonszárszó
667,Balatonszemes
668,Balatonszentgyörgy
669,Balatonújlak
670,Barcs
671,Baté
672,Bábonymegyer
673,Bálványos
674,Bárdudvarnok
675,Bedegkér
676,Beleg
677,Berzence
678,Bélavár
679,Bodrog
680,Balatonboglár
681,Bolhás
682,Bolhó
683,Bonnya
684,Böhönye
685,Bőszénfa
686,Buzsák
687,Büssü
688,Csákány
689,Cserénfa
690,Csokonyavisonta
691,Csoma
692,Csombárd
693,Csököly
694,Csömend
695,Csurgó
696,Csurgónagymarton
697,Darány
698,Drávagárdony
699,Drávatamási
700,Ecseny
701,Edde
702,Felsőmocsolád
703,Fiad
704,Fonó
705,Fonyód
706,Főnyed
707,Gadács
708,Gadány
709,Gamás
710,Gálosfa
711,Gige
712,Gölle
713,Görgeteg
714,Gyékényes
715,Gyugy
716,Hajmás
717,Hács
718,Háromfa
719,Hedrehely
720,Hencse
721,Heresznye
722,Hetes
723,Hollád
724,Homokszentgyörgy
725,Hosszúvíz
726,Igal
727,Iharos
728,Iharosberény
729,Inke
730,Istvándi
731,Jákó
732,Juta
733,Kadarkút
734,Kapoly
735,Kaposfő
736,Kaposgyarmat
737,Kaposhomok
738,Kaposkeresztúr
739,Kaposmérő
740,Kaposszerdahely
741,Kaposújlak
742,Kaposvár
743,Karád
744,Kastélyosdombó
745,Kazsok
746,Kálmáncsa
747,Kánya
748,Kára
749,Kelevíz
750,Kercseliget
751,Kereki
752,Kéthely
753,Kisasszond
754,Kisbajom
755,Kisbárapáti
756,Kisberény
757,Kisgyalán
758,Kiskorpád
759,Komlósd
760,Kőröshegy
761,Kötcse
762,Kőkút
763,Kutas
764,Lad
765,Lakócsa
766,Lábod
767,Látrány
768,Lengyeltóti
769,Libickozma
770,Lulla
771,Magyaratád
772,Magyaregres
773,Marcali
774,Mernye
775,Mesztegnyő
776,Mezőcsokonya
777,Mike
778,Miklósi
779,Mosdós
780,Nagyatád
781,Nagybajom
782,Nagyberény
783,Nagyberki
784,Nagycsepely
785,Nagykorpád
786,Nagyszakácsi
787,Nágocs
788,Nemesdéd
789,Nemeskisfalud
790,Nemesvid
791,Nikla
792,Nyim
793,Orci
794,Ordacsehi
795,Osztopán
796,Öreglak
797,Őrtilos
798,Pamuk
799,Patalom
800,Patca
801,Patosfa
802,Péterhida
803,Pogányszentpéter
804,Polány
805,Porrog
806,Porrogszentkirály
807,Porrogszentpál
808,Potony
809,Pusztakovácsi
810,Pusztaszemes
811,Ráksi
812,Rinyabesenyő
813,Rinyakovácsi
814,Rinyaszentkirály
815,Rinyaújlak
816,Rinyaújnép
817,Ságvár
818,Sántos
819,Sávoly
820,Segesd
821,Sérsekszőlős
822,Simonfa
823,Siófok
824,Siójut
825,Som
826,Somodor
827,Somogyacsa
828,Somogyaracs
829,Somogyaszaló
830,Somogybabod
831,Somogybükkösd
832,Somogycsicsó
833,Somogydöröcske
834,Somogyegres
835,Somogyfajsz
836,Somogygeszti
837,Somogyjád
838,Somogymeggyes
839,Somogysámson
840,Somogysárd
841,Somogysimonyi
842,Somogyszentpál
843,Somogyszil
844,Somogyszob
845,Somogytúr
846,Somogyudvarhely
847,Somogyvámos
848,Somogyvár
849,Somogyzsitfa
850,Szabadi
851,Szabás
852,Szegerdő
853,Szenna
854,Szenta
855,Szentbalázs
856,Szentborbás
857,Szentgáloskér
858,Szenyér
859,Szilvásszentmárton
860,Szorosad
861,Szólád
862,Szőkedencs
863,Szőlősgyörök
864,Szulok
865,Tab
866,Tapsony
867,Tarany
868,Taszár
869,Táska
870,Teleki
871,Tengőd
872,Tikos
873,Torvaj
874,Tótújfalu
875,Törökkoppány
876,Újvárfalva
877,Varászló
878,Várda
879,Vése
880,Visnye
881,Visz
882,Vízvár
883,Vörs
884,Zala
885,Zamárdi
886,Zákány
887,Zics
888,Zimány
889,Zselickisfalud
890,Zselickislak
891,Zselicszentpál
892,Pálmajor
893,Balatonlelle
894,Szántód
895,Kaszó
896,Balatonfenyves
897,Álmosd
898,Ártánd
899,Bagamér
900,Bakonszeg
901,Balmazújváros
902,Báránd
903,Bedő
904,Berekböszörmény
905,Berettyóújfalu
906,Bihardancsháza
907,Biharkeresztes
908,Biharnagybajom
909,Bihartorda
910,Bojt
911,Csökmő
912,Darvas
913,Debrecen
914,Derecske
915,Ebes
916,Egyek
917,Esztár
918,Földes
919,Furta
920,Fülöp
921,Gáborján
922,Görbeháza
923,Hajdúbagos
924,Hajdúböszörmény
925,Hajdúdorog
926,Hajdúhadház
927,Hajdúnánás
928,Hajdúsámson
929,Hajdúszoboszló
930,Hajdúszovát
931,Hencida
932,Hortobágy
933,Hosszúpályi
934,Kaba
935,Kismarja
936,Kokad
937,Komádi
938,Konyár
939,Körösszakál
940,Körösszegapáti
941,Létavértes
942,Magyarhomorog
943,Mezőpeterd
944,Mezősas
945,Mikepércs
946,Monostorpályi
947,Nagyhegyes
948,Nagykereki
949,Nagyrábé
950,Nádudvar
951,Nyíracsád
952,Nyíradony
953,Nyírábrány
954,Nyírmártonfalva
955,Pocsaj
956,Polgár
957,Püspökladány
958,Sáp
959,Sáránd
960,Sárrétudvari
961,Szentpéterszeg
962,Szerep
963,Tetétlen
964,Téglás
965,Tépe
966,Tiszacsege
967,Tiszagyulaháza
968,Told
969,Újiráz
970,Újléta
971,Újszentmargita
972,Újtikos
973,Vámospércs
974,Váncsod
975,Vekerd
976,Zsáka
977,Hadháztéglás
978,Bocskaikert
980,Folyás
981,Budapest
982,Alibánfa
983,Almásháza
984,Alsónemesapáti
985,Alsópáhok
986,Alsórajk
987,Alsószenterzsébet
988,Babosdöbréte
989,Baglad
990,Bagod
991,Bak
992,Baktüttös
993,Balatongyörök
994,Balatonmagyaród
995,Barlahida
996,Batyk
997,Bánokszentgyörgy
998,Bázakerettye
999,Becsehely
1000,Becsvölgye
1001,Belezna
1002,Belsősárd
1003,Bezeréd
1004,Bocfölde
1005,Bocska
1006,Boncodfölde
1007,Borsfa
1008,Bókaháza
1009,Böde
1010,Bödeháza
1011,Börzönce
1012,Bucsuszentlászló
1013,Bucsuta
1014,Csapi
1015,Csatár
1016,Cserszegtomaj
1017,Csertalakos
1018,Csesztreg
1019,Csonkahegyhát
1020,Csöde
1021,Csömödér
1022,Dióskál
1023,Dobri
1024,Dobronhegy
1025,Döbröce
1026,Dötk
1027,Egeraracsa
1028,Egervár
1029,Eszteregnye
1030,Esztergályhorváti
1031,Felsőpáhok
1032,Felsőrajk
1033,Felsőszenterzsébet
1034,Fityeház
1035,Füzvölgy
1036,Galambok
1037,Garabonc
1038,Gáborjánháza
1039,Gellénháza
1040,Gelse
1041,Gelsesziget
1042,Gétye
1043,Gombosszeg
1044,Gosztola
1045,Gősfa
1046,Gutorfölde
1047,Gyenesdiás
1048,Gyűrűs
1049,Hagyárosbörönd
1050,Hahót
1051,Hernyék
1052,Hévíz
1053,Homokkomárom
1054,Hosszúvölgy
1055,Hottó
1056,Iborfia
1057,Iklódbördőce
1058,Kacorlak
1059,Kallósd
1060,Karmacs
1061,Kálócfa
1062,Kányavár
1063,Kávás
1064,Kehidakustány
1065,Kemendollár
1066,Keménfa
1067,Kerecseny
1068,Kerkabarabás
1069,Kerkafalva
1070,Kerkakutas
1071,Kerkaszentkirály
1072,Kerkateskánd
1073,Keszthely
1074,Kilimán
1075,Kisbucsa
1076,Kiscsehi
1077,Kisgörbő
1078,Kiskutas
1079,Kispáli
1080,Kisrécse
1081,Kissziget
1082,Kistolmács
1083,Kisvásárhely
1084,Kozmadombja
1085,Kustánszeg
1086,Külsősárd
1087,Lasztonya
1088,Lendvadedes
1089,Lendvajakabfa
1090,Lenti
1091,Letenye
1092,Lickóvadamos
1093,Ligetfalva
1094,Lispeszentadorján
1095,Liszó
1096,Lovászi
1097,Magyarföld
1098,Magyarszentmiklós
1099,Magyarszerdahely
1100,Maróc
1101,Márokföld
1102,Miháld
1103,Mihályfa
1104,Mikekarácsonyfa
1105,Milejszeg
1106,Misefa
1107,Molnári
1108,Murakeresztúr
1109,Murarátka
1110,Nagybakónak
1111,Nagygörbő
1112,Nagykanizsa
1113,Nagykapornak
1114,Nagykutas
1115,Nagylengyel
1116,Nagypáli
1117,Nagyrada
1118,Nagyrécse
1119,Nemesapáti
1120,Nemesbük
1121,Nemeshetés
1122,Nemesnép
1123,Nemesrádó
1124,Nemessándorháza
1125,Nemesszentandrás
1126,Németfalu
1127,Nova
1128,Oltárc
1129,Orbányosfa
1130,Ormándlak
1131,Orosztony
1132,Ortaháza
1133,Ozmánbük
1134,Óhid
1135,Pacsa
1136,Padár
1137,Pakod
1138,Pat
1139,Páka
1140,Pálfiszeg
1141,Pethőhenye
1142,Petrikeresztúr
1143,Petrivente
1144,Pókaszepetk
1145,Pórszombat
1146,Pölöske
1147,Pölöskefő
1148,Pördefölde
1149,Pötréte
1150,Pusztaapáti
1151,Pusztaederics
1152,Pusztamagyaród
1153,Pusztaszentlászló
1154,Ramocsa
1155,Resznek
1156,Rezi
1157,Rédics
1158,Rigyác
1159,Salomvár
1160,Sand
1161,Sárhida
1162,Semjénháza
1163,Sénye
1164,Sormás
1165,Söjtör
1166,Surd
1167,Sümegcsehi
1168,Szalapa
1169,Szentgyörgyvár
1170,Szentgyörgyvölgy
1171,Szentkozmadombja
1172,Szentliszló
1173,Szentmargitfalva
1174,Szentpéterfölde
1175,Szentpéterúr
1176,Szepetnek
1177,Szécsisziget
1178,Szijártóháza
1179,Szilvágy
1180,Teskánd
1181,Tilaj
1182,Tormafölde
1183,Tornyiszentmiklós
1184,Tófej
1185,Tótszentmárton
1186,Tótszerdahely
1187,Türje
1188,Újudvar
1189,Valkonya
1190,Vasboldogasszony
1191,Vaspör
1192,Vállus
1193,Várfölde
1194,Várvölgy
1195,Vindornyafok
1196,Vindornyalak
1197,Vindornyaszőlős
1198,Vonyarcvashegy
1199,Vöckönd
1200,Zajk
1201,Zalaapáti
1202,Zalabaksa
1203,Zalabér
1204,Zalaboldogfa
1205,Zalacsány
1206,Zalacséb
1207,Zalaegerszeg
1208,Zalaháshágy
1209,Zalaigrice
1210,Zalaistvánd
1211,Zalakaros
1212,Zalakomár
1213,Zalaköveskút
1214,Zalalövő
1215,Zalamerenye
1216,Zalasárszeg
1217,Zalaszabar
1218,Zalaszántó
1219,Zalaszentbalázs
1220,Zalaszentgrót
1221,Zalaszentgyörgy
1222,Zalaszentiván
1223,Zalaszentjakab
1224,Zalaszentlászló
1225,Zalaszentlőrinc
1226,Zalaszentmárton
1227,Zalaszentmihály
1228,Zalaszombatfa
1229,Zalatárnok
1230,Zalaújlak
1231,Zalavár
1232,Zalavég
1233,Zebecke
1234,Csörnyeföld
1235,Lakhegy
1236,Muraszemenye
1237,Nemespátró
1238,Sármellék
1239,Abádszalók
1240,Alattyán
1241,Besenyszög
1242,Cibakháza
1243,Cserkeszőlő
1244,Csépa
1245,Fegyvernek
1246,Jánoshida
1247,Jászalsószentgyörgy
1248,Jászapáti
1249,Jászágó
1250,Jászárokszállás
1251,Jászberény
1252,Jászboldogháza
1253,Jászdózsa
1254,Jászfelsőszentgyörgy
1255,Jászfényszaru
1256,Jászivány
1257,Jászjákóhalma
1258,Jászkisér
1259,Jászladány
1260,Jászszentandrás
1261,Jásztelek
1262,Karcag
1263,Kenderes
1264,Kengyel
1265,Kétpó
1266,Kisújszállás
1267,Kőtelek
1268,Kuncsorba
1269,Kunhegyes
1270,Kunmadaras
1271,Kunszentmárton
1272,Martfű
1273,Mesterszállás
1274,Mezőhék
1275,Mezőtúr
1276,Nagyiván
1277,Nagykörű
1278,Nagyrév
1279,Öcsöd
1280,Örményes
1281,Pusztamonostor
1282,Rákóczifalva
1283,Rákócziújfalu
1284,Szajol
1285,Szászberek
1286,Szolnok
1287,Tiszabő
1288,Tiszabura
1289,Tiszaderzs
1290,Tiszaföldvár
1291,Tiszafüred
1292,Tiszagyenda
1293,Tiszaigar
1294,Tiszainoka
1295,Tiszajenő
1296,Tiszakürt
1297,Tiszaörs
1298,Tiszapüspöki
1299,Tiszaroff
1300,Tiszasas
1301,Tiszasüly
1302,Tiszaszentimre
1303,Tiszatenyő
1304,Tiszaug
1305,Tiszavárkony
1306,Tomajmonostora
1307,Tószeg
1308,Törökszentmiklós
1309,Újszász
1310,Vezseny
1311,Zagyvarékas
1312,Hunyadfalva
1313,Szelevény
1314,Berekfürdő
1315,Túrkeve
1316,Abasár
1317,Adács
1318,Aldebrő
1319,Andornaktálya
1320,Apc
1321,Atkár
1322,Átány
1323,Bátor
1324,Bekölce
1325,Besenyőtelek
1326,Bélapátfalva
1327,Boconád
1328,Bodony
1329,Boldog
1330,Bükkszenterzsébet
1331,Bükkszentmárton
1332,Bükkszék
1333,Csány
1334,Demjén
1335,Detk
1336,Domoszló
1337,Dormánd
1338,Ecséd
1339,Eger
1340,Egerbakta
1341,Egerbocs
1342,Egercsehi
1343,Egerfarmos
1344,Egerszalók
1345,Egerszólát
1346,Erdőkövesd
1347,Erdőtelek
1348,Erk
1349,Fedémes
1350,Feldebrő
1351,Felsőtárkány
1352,Füzesabony
1353,Gyöngyös
1354,Gyöngyöshalász
1355,Gyöngyösoroszi
1356,Gyöngyöspata
1357,Gyöngyössolymos
1358,Gyöngyöstarján
1359,Halmajugra
1360,Hatvan
1361,Heréd
1362,Heves
1363,Hevesaranyos
1364,Hevesvezekény
1365,Hort
1366,Istenmezeje
1367,Ivád
1368,Karácsond
1369,Kál
1370,Kápolna
1371,Kerecsend
1372,Kisfüzes
1373,Kisköre
1374,Kisnána
1375,Kompolt
1376,Kömlő
1377,Lőrinci
1378,Ludas
1379,Maklár
1380,Markaz
1381,Mátraballa
1382,Mátraderecske
1383,Mátraszentimre
1384,Mezőszemere
1385,Mezőtárkány
1386,Mikófalva
1387,Mónosbél
1388,Nagyfüged
1389,Nagykökényes
1390,Nagyréde
1391,Nagytálya
1392,Nagyút
1393,Nagyvisnyó
1394,Noszvaj
1395,Novaj
1396,Ostoros
1397,Parád
1398,Parádsasvár
1399,Petőfibánya
1400,Pély
1401,Pétervására
1402,Poroszló
1403,Recsk
1404,Rózsaszentmárton
1405,Sarud
1406,Sirok
1407,Szajla
1408,Szentdomonkos
1409,Szihalom
1410,Szilvásvárad
1411,Szúcs
1412,Szűcsi
1413,Tarnabod
1414,Tarnalelesz
1415,Tarnaméra
1416,Tarnaörs
1417,Tarnaszentmária
1418,Tarnaszentmiklós
1419,Tarnazsadány
1420,Tenk
1421,Terpes
1422,Tiszanána
1423,Tófalu
1424,Újlőrincfalva
1425,Vámosgyörk
1426,Váraszó
1427,Verpelét
1428,Vécs
1429,Visonta
1430,Visznek
1431,Zagyvaszántó
1432,Zaránk
1433,Balaton
1434,Alsónána
1435,Alsónyék
1436,Aparhant
1437,Attala
1438,Báta
1439,Bátaapáti
1440,Bátaszék
1441,Belecska
1442,Bikács
1443,Bogyiszló
1444,Bonyhád
1445,Bonyhádvarasd
1446,Bölcske
1447,Cikó
1448,Csibrák
1449,Csikóstőttős
1450,Dalmand
1451,Decs
1452,Diósberény
1453,Dombóvár
1454,Döbrököz
1455,Dunaföldvár
1456,Dunaszentgyörgy
1457,Dúzs
1458,Értény
1459,Fadd
1460,Fácánkert
1461,Felsőnána
1462,Felsőnyék
1463,Fürged
1464,Gerjen
1465,Grábóc
1466,Gyönk
1467,Györe
1468,Györköny
1469,Gyulaj
1470,Harc
1471,Hőgyész
1472,Iregszemcse
1473,Izmény
1474,Jágónak
1475,Kajdacs
1476,Kakasd
1477,Kalaznó
1478,Kapospula
1479,Kaposszekcső
1480,Keszőhidegkút
1481,Kéty
1482,Kisdorog
1483,Kismányok
1484,Kisszékely
1485,Kistormás
1486,Kisvejke
1487,Kocsola
1488,Koppányszántó
1489,Kölesd
1490,Kurd
1491,Lápafő
1492,Lengyel
1493,Madocsa
1494,Magyarkeszi
1495,Medina
1496,Miszla
1497,Mórágy
1498,Mőcsény
1499,Mucsfa
1500,Mucsi
1501,Murga
1502,Nagydorog
1503,Nagykónyi
1504,Nagymányok
1505,Nagyszokoly
1506,Nagyvejke
1507,Nak
1508,Németkér
1509,Ozora
1510,Őcsény
1511,Paks
1512,Pálfa
1513,Pincehely
1514,Pörböly
1515,Pusztahencse
1516,Regöly
1517,Sárpilis
1518,Sárszentlőrinc
1519,Simontornya
1520,Sióagárd
1521,Szakadát
1522,Szakály
1523,Szakcs
1524,Szálka
1525,Szárazd
1526,Szedres
1527,Szekszárd
1528,Tamási
1529,Tengelic
1530,Tevel
1531,Tolna
1532,Tolnanémedi
1533,Udvari
1534,Újireg
1535,Varsád
1536,Váralja
1537,Várdomb
1538,Várong
1539,Závod
1540,Zomba
1541,Nagyszékely
1542,Abaliget
1543,Adorjás
1544,Almamellék
1545,Almáskeresztúr
1546,Alsómocsolád
1547,Alsószentmárton
1548,Apátvarasd
1549,Aranyosgadány
1550,Ág
1551,Áta
1552,Babarc
1553,Babarcszőlős
1554,Bakonya
1555,Bakóca
1556,Baksa
1557,Baranyahidvég
1558,Baranyajenő
1559,Baranyaszentgyörgy
1560,Basal
1561,Bánfa
1562,Bár
1563,Belvárdgyula
1564,Beremend
1565,Berkesd
1566,Besence
1567,Bezedek
1568,Bicsérd
1569,Bikal
1570,Birján
1571,Bisse
1572,Boda
1573,Bodolyabér
1574,Bogád
1575,Bogádmindszent
1576,Bogdása
1577,Boldogasszonyfa
1578,Borjád
1579,Bosta
1580,Botykapeterd
1581,Bóly
1582,Bükkösd
1583,Bürüs
1584,Cún
1585,Csarnóta
1586,Csányoszró
1587,Csebény
1588,Cserdi
1589,Cserkút
1590,Csertő
1591,Csonkamindszent
1592,Dencsháza
1593,Dinnyeberki
1594,Diósviszló
1595,Drávacsehi
1596,Drávacsepely
1597,Drávafok
1598,Drávaiványi
1599,Drávakeresztúr
1600,Drávapalkonya
1601,Drávapiski
1602,Drávaszabolcs
1603,Drávaszerdahely
1604,Drávasztára
1605,Dunafalva
1606,Dunaszekcső
1607,Egerág
1608,Egyházasharaszti
1609,Egyházaskozár
1610,Ellend
1611,Endrőc
1612,Erdősmárok
1613,Erdősmecske
1614,Erzsébet
1615,Fazekasboda
1616,Feked
1617,Felsőegerszeg
1618,Felsőszentmárton
1619,Garé
1620,Gerde
1621,Geresdlak
1622,Gerényes
1623,Gilvánfa
1624,Gordisa
1625,Gödre
1626,Görcsöny
1627,Görcsönydoboka
1628,Gyód
1629,Gyöngyfa
1630,Gyöngyösmellék
1631,Harkány
1632,Hásságy
1633,Hegyhátmaróc
1634,Hegyszentmárton
1635,Helesfa
1636,Hetvehely
1637,Hidas
1638,Himesháza
1639,Hirics
1640,Homorúd
1641,Horváthertelend
1642,Hosszúhetény
1643,Husztót
1644,Ibafa
1645,Illocska
1646,Ipacsfa
1647,Ivánbattyán
1648,Ivándárda
1649,Kacsóta
1650,Katádfa
1651,Kákics
1652,Kárász
1653,Kásád
1654,Kátoly
1655,Kemse
1656,Keszü
1657,Kékesd
1658,Kémes
1659,Kétújfalu
1660,Királyegyháza
1661,Kisasszonyfa
1662,Kisbeszterce
1663,Kisbudmér
1664,Kisdér
1665,Kishajmás
1666,Kisharsány
1667,Kisherend
1668,Kisjakabfalva
1669,Kiskassa
1670,Kislippó
1671,Kisnyárád
1672,Kisszentmárton
1673,Kistamási
1674,Kistapolca
1675,Kistótfalu
1676,Kisvaszar
1677,Komló
1678,Kovácshida
1679,Kovácsszénája
1680,Kozármisleny
1681,Kórós
1682,Köblény
1683,Kökény
1684,Kölked
1685,Kővágószőlős
1686,Kővágótőttős
1687,Lapáncsa
1688,Lánycsók
1689,Liget
1690,Lippó
1691,Liptód
1692,Lothárd
1693,Lovászhetény
1694,Lúzsok
1695,Magyarbóly
1696,Magyaregregy
1697,Magyarhertelend
1698,Magyarlukafa
1699,Magyarmecske
1700,Magyarsarlós
1701,Magyarszék
1702,Magyartelek
1703,Matty
1704,Majs
1705,Maráza
1706,Markóc
1707,Marócsa
1708,Martonfa
1709,Mágocs
1710,Márfa
1711,Máriakéménd
1712,Márok
1713,Máza
1714,Mecseknádasd
1715,Mecsekpölöske
1716,Mekényes
1717,Merenye
1718,Meződ
1719,Mindszentgodisa
1720,Mohács
1721,Molvány
1722,Monyoród
1723,Mozsgó
1724,Nagybudmér
1725,Nagycsány
1726,Nagyhajmás
1727,Nagykozár
1728,Nagynyárád
1729,Nagypall
1730,Nagypeterd
1731,Nagytótfalu
1732,Nagyváty
1733,Nemeske
1734,Nyugotszenterzsébet
1735,Okorág
1736,Okorvölgy
1737,Olasz
1738,Old
1739,Orfű
1740,Oroszló
1741,Óbánya
1742,Ócsárd
1743,Ófalu
1744,Ózdfalu
1745,Palé
1746,Palkonya
1747,Palotabozsok
1748,Patapoklosi
1749,Páprád
1750,Pellérd
1751,Pereked
1752,Peterd
1753,Pettend
1754,Pécs
1755,Pécsbagota
1756,Pécsdevecser
1757,Pécsudvard
1758,Pécsvárad
1759,Piskó
1760,Pogány
1761,Pócsa
1762,Rádfalva
1763,Regenye
1764,Romonya
1765,Rózsafa
1766,Sámod
1767,Sárok
1768,Sásd
1769,Sátorhely
1770,Sellye
1771,Siklós
1772,Siklósbodony
1773,Siklósnagyfalu
1774,Somberek
1775,Somogyapáti
1776,Somogyhatvan
1777,Somogyhárságy
1778,Somogyviszló
1779,Sósvertike
1780,Sumony
1781,Szabadszentkirály
1782,Szágy
1783,Szajk
1784,Szalatnak
1785,Szalánta
1786,Szava
1787,Szárász
1788,Szászvár
1789,Szebény
1790,Szederkény
1791,Szellő
1792,Szemely
1793,Szentdénes
1794,Szentegát
1795,Szentkatalin
1796,Szentlászló
1797,Szentlőrinc
1798,Székelyszabar
1799,Szigetvár
1800,Szilágy
1801,Szilvás
1802,Szőkéd
1803,Szörény
1804,Szőke
1805,Szulimán
1806,Szűr
1807,Tarrós
1808,Teklafalu
1809,Tengeri
1810,Tékes
1811,Tésenfa
1812,Téseny
1813,Tormás
1814,Tófű
1815,Tótszentgyörgy
1816,Töttös
1817,Túrony
1818,Udvar
1819,Újpetre
1820,Vajszló
1821,Varga
1822,Várad
1823,Vásárosbéc
1824,Vásárosdombó
1825,Vázsnok
1826,Vejti
1827,Velény
1828,Versend
1829,Vékény
1830,Véménd
1831,Villány
1832,Villánykövesd
1833,Vokány
1834,Zaláta
1835,Zádor
1836,Zengővárkony
1837,Zók
1838,Kisdobsza
1839,Mánfa
1840,Nagydobsza
1841,Szaporca
1842,Hobol
1843,Nagyharsány
1844,Ajak
1845,Anarcs
1846,Apagy
1847,Aranyosapáti
1848,Baktalórántháza
1849,Balkány
1850,Balsa
1851,Barabás
1852,Bátorliget
1853,Benk
1854,Beregdaróc
1855,Beregsurány
1856,Berkesz
1857,Besenyőd
1858,Beszterec
1859,Biri
1860,Botpalád
1861,Bököny
1862,Buj
1863,Cégénydányád
1864,Csaholc
1865,Csaroda
1866,Császló
1867,Csegöld
1868,Csenger
1869,Csengersima
1870,Csengerújfalu
1871,Darnó
1872,Demecser
1873,Dombrád
1874,Döge
1875,Encsencs
1876,Eperjeske
1877,Érpatak
1878,Fábiánháza
1879,Fehérgyarmat
1880,Fényeslitke
1881,Fülesd
1882,Fülpösdaróc
1883,Gacsály
1884,Garbolc
1885,Gávavencsellő
1886,Gelénes
1887,Gemzse
1888,Geszteréd
1889,Géberjén
1890,Gégény
1891,Gulács
1892,Győröcske
1893,Győrtelek
1894,Gyulaháza
1895,Gyügye
1896,Gyüre
1897,Hermánszeg
1898,Hetefejércse
1899,Hodász
1900,Ibrány
1901,Ilk
1902,Jánd
1903,Jánkmajtis
1904,Jármi
1905,Jéke
1906,Kállósemjén
1907,Kálmánháza
1908,Kántorjánosi
1909,Kemecse
1910,Kék
1911,Kékcse
1912,Kérsemjén
1913,Kisar
1914,Kishódos
1915,Kisléta
1916,Kisnamény
1917,Kispalád
1918,Kisszekeres
1919,Kisvarsány
1920,Kisvárda
1921,Kocsord
1922,Komlódtótfalu
1923,Komoró
1924,Kótaj
1925,Kölcse
1926,Kömörő
1927,Laskod
1928,Levelek
1929,Lónya
1930,Lövőpetri
1931,Magosliget
1932,Magy
1933,Mánd
1934,Mándok
1935,Máriapócs
1936,Márokpapi
1937,Mátészalka
1938,Mátyus
1939,Mezőladány
1940,Méhtelek
1941,Mérk
1942,Milota
1943,Nagyar
1944,Nagycserkesz
1945,Nagydobos
1946,Nagyecsed
1947,Nagyhalász
1948,Nagyhódos
1949,Nagykálló
1950,Nagyszekeres
1951,Nagyvarsány
1952,Napkor
1953,Nábrád
1954,Nemesborzova
1955,Nyírbátor
1956,Nyírbéltek
1957,Nyírbogát
1958,Nyírbogdány
1959,Nyírcsaholy
1960,Nyírcsászári
1961,Nyírderzs
1962,Nyíregyháza
1963,Nyírgelse
1964,Nyírgyulaj
1965,Nyíribrony
1966,Nyírjákó
1967,Nyírkarász
1968,Nyírkáta
1969,Nyírkércs
1970,Nyírlövő
1971,Nyírlugos
1972,Nyírmada
1973,Nyírmeggyes
1974,Nyírmihálydi
1975,Nyírparasznya
1976,Nyírpazony
1977,Nyírpilis
1978,Nyírtass
1979,Nyírtelek
1980,Nyírtét
1981,Nyírtura
1982,Nyírvasvári
1983,Olcsva
1984,Olcsvaapáti
1985,Ófehértó
1986,Ópályi
1987,Ököritófülpös
1988,Ömböly
1989,Őr
1990,Panyola
1991,Pap
1992,Papos
1993,Paszab
1994,Pátroha
1995,Pátyod
1996,Penészlek
1997,Penyige
1998,Petneháza
1999,Piricse
2000,Porcsalma
2001,Pócspetri
2002,Pusztadobos
2003,Rakamaz
2004,Ramocsaháza
2005,Rápolt
2006,Rétközberencs
2007,Rohod
2008,Rozsály
2009,Sényő
2010,Sonkád
2011,Szabolcs
2012,Szabolcsbáka
2013,Szabolcsveresmart
2014,Szakoly
2015,Szamosangyalos
2016,Szamosbecs
2017,Szamoskér
2018,Szamossályi
2019,Szamosszeg
2020,Szamostatárfalva
2021,Szamosújlak
2022,Szatmárcseke
2023,Székely
2024,Tarpa
2025,Tákos
2026,Terem
2027,Tiborszállás
2028,Timár
2029,Tiszaadony
2030,Tiszabecs
2031,Tiszabercel
2032,Tiszabezdéd
2033,Tiszacsécse
2034,Tiszadada
2035,Tiszadob
2036,Tiszaeszlár
2037,Tiszakanyár
2038,Tiszakerecseny
2039,Tiszakóród
2040,Tiszalök
2041,Tiszamogyorós
2042,Tiszanagyfalu
2043,Tiszarád
2044,Tiszaszalka
2045,Tiszaszentmárton
2046,Tiszatelek
2047,Tiszavasvári
2048,Tiszavid
2049,Tisztaberek
2050,Tivadar
2051,Tornyospálca
2052,Tunyogmatolcs
2053,Tuzsér
2054,Túristvándi
2055,Túrricse
2056,Tyukod
2057,Ura
2058,Újdombrád
2059,Újkenéz
2060,Vaja
2061,Vasmegyer
2062,Vállaj
2063,Vámosatya
2064,Vámosoroszi
2065,Vásárosnamény
2066,Zajta
2067,Záhony
2068,Zsarolyán
2069,Zsurk
2070,Uszka
2071,Újfehértó
2072,Adony
2073,Alap
2074,Alcsútdoboz
2075,Alsószentiván
2076,Bakonycsernye
2077,Bakonykúti
2078,Balinka
2079,Baracs
2080,Baracska
2081,Beloiannisz
2082,Besnyő
2083,Bicske
2084,Bodajk
2085,Bodmér
2086,Cece
2087,Csabdi
2088,Csákberény
2089,Csákvár
2090,Csókakő
2091,Csór
2092,Csősz
2093,Dég
2094,Dunaújváros
2095,Előszállás
2096,Enying
2097,Ercsi
2098,Etyek
2099,Fehérvárcsurgó
2100,Felcsút
2101,Füle
2102,Gánt
2103,Gárdony
2104,Gyúró
2105,Hantos
2106,Igar
2107,Iszkaszentgyörgy
2108,Isztimér
2109,Iváncsa
2110,Jenő
2111,Kajászó
2112,Káloz
2113,Kápolnásnyék
2114,Kincsesbánya
2115,Kisapostag
2116,Kisláng
2117,Kőszárhegy
2118,Lajoskomárom
2119,Lepsény
2120,Lovasberény
2121,Magyaralmás
2122,Martonvásár
2123,Mány
2124,Mátyásdomb
2125,Mezőfalva
2126,Mezőkomárom
2127,Mezőszentgyörgy
2128,Mezőszilas
2129,Moha
2130,Mór
2131,Nadap
2132,Nagykarácsony
2133,Nagylók
2134,Nagyveleg
2135,Nagyvenyim
2136,Nádasdladány
2137,Pákozd
2138,Pátka
2139,Pázmánd
2140,Perkáta
2141,Polgárdi
2142,Pusztaszabolcs
2143,Pusztavám
2144,Rácalmás
2145,Ráckeresztúr
2146,Sárbogárd
2147,Sáregres
2148,Sárkeresztes
2149,Sárkeszi
2150,Sárosd
2151,Sárszentágota
2152,Sárszentmihály
2153,Seregélyes
2154,Soponya
2155,Söréd
2156,Sukoró
2157,Szabadbattyán
2158,Szabadegyháza
2159,Szabadhidvég
2160,Szár
2161,Szárliget
2162,Székesfehérvár
2163,Tabajd
2164,Tác
2165,Tordas
2166,Újbarok
2167,Úrhida
2168,Vajta
2169,Vál
2170,Velence
2171,Vereb
2172,Vértesacsa
2173,Vértesboglár
2174,Zámoly
2175,Aba
2176,Rétszilas
2177,Dinnyés
2178,Sárkeresztúr
2179,Abaújalpár
2180,Abaújkér
2181,Abaújlak
2182,Abaújszántó
2183,Abaújszolnok
2184,Abaújvár
2185,Aggtelek
2186,Alacska
2187,Alsóberecki
2188,Alsódobsza
2189,Alsógagy
2190,Alsóregmec
2191,Alsószuha
2192,Alsótelekes
2193,Alsóvadász
2194,Alsózsolca
2195,Arka
2196,Arló
2197,Arnót
2198,Aszaló
2199,Ároktő
2200,Baktakék
2201,Baskó
2202,Bánhorváti
2203,Bánréve
2204,Becskeháza
2205,Bekecs
2206,Beret
2207,Berzék
2208,Bodroghalom
2209,Bodrogkeresztúr
2210,Bodrogkisfalud
2211,Bodrogolaszi
2212,Bogács
2213,Boldogkőújfalu
2214,Boldogkőváralja
2215,Boldva
2216,Borsodbóta
2217,Borsodgeszt
2218,Borsodivánka
2219,Borsodnádasd
2220,Borsodszentgyörgy
2221,Borsodszirák
2222,Bódvalenke
2223,Bódvarákó
2224,Bódvaszilas
2225,Bózsva
2226,Bőcs
2227,Bükkaranyos
2228,Bükkábrány
2229,Bükkmogyorósd
2230,Bükkszentkereszt
2231,Bükkzsérc
2232,Büttös
2233,Cigánd
2234,Csenyéte
2235,Cserépfalu
2236,Cserépváralja
2237,Csernely
2238,Csobaj
2239,Csobád
2240,Csokvaomány
2241,Dámóc
2242,Debréte
2243,Detek
2244,Dédestapolcsány
2245,Domaháza
2246,Dövény
2247,Dubicsány
2248,Edelény
2249,Egerlövő
2250,Emőd
2251,Encs
2252,Erdőbénye
2253,Erdőhorváti
2254,Égerszög
2255,Fancsal
2256,Fáj
2257,Felsőberecki
2258,Felsődobsza
2259,Felsőgagy
2260,Felsőkelecsény
2261,Felsőnyárád
2262,Felsőregmec
2263,Felsőtelekes
2264,Felsővadász
2265,Felsőzsolca
2266,Filkeháza
2267,Fony
2268,Forró
2269,Fulókércs
2270,Füzér
2271,Füzérkajata
2272,Füzérkomlós
2273,Füzérradvány
2274,Gadna
2275,Gagyapáti
2276,Gagybátor
2277,Gagyvendégi
2278,Galvács
2279,Garadna
2280,Gelej
2281,Gesztely
2282,Girincs
2283,Golop
2284,Gömörszőlős
2285,Gönc
2286,Göncruszka
2287,Györgytarló
2288,Halmaj
2289,Hangács
2290,Hangony
2291,Harsány
2292,Háromhuta
2293,Hegymeg
2294,Hejce
2295,Hejőbába
2296,Hejőkeresztúr
2297,Hejőkürt
2298,Hejőpapi
2299,Hejőszalonta
2300,Hercegkút
2301,Hernádbűd
2302,Hernádcéce
2303,Hernádkak
2304,Hernádkércs
2305,Hernádnémeti
2306,Hernádpetri
2307,Hernádszentandrás
2308,Hernádszurdok
2309,Hernádvécse
2310,Hét
2311,Hidasnémeti
2312,Hidvégardó
2313,Hollóháza
2314,Homrogd
2315,Igrici
2316,Imola
2317,Ináncs
2318,Irota
2319,Izsófalva
2320,Jákfalva
2321,Járdánháza
2322,Jósvafő
2323,Karcsa
2324,Karos
2325,Kazincbarcika
2326,Kács
2327,Kánó
2328,Kány
2329,Kázsmárk
2330,Kelemér
2331,Kenézlő
2332,Keresztéte
2333,Kesznyéten
2334,Kéked
2335,Királd
2336,Kiscsécs
2337,Kisgyőr
2338,Kishuta
2339,Kiskinizs
2340,Kisrozvágy
2341,Kissikátor
2342,Kistokaj
2343,Komjáti
2344,Komlóska
2345,Kondó
2346,Korlát
2347,Kovácsvágás
2348,Köröm
2349,Krasznokvajda
2350,Kupa
2351,Kurityán
2352,Lak
2353,Lácacséke
2354,Legyesbénye
2355,Léh
2356,Lénárddaróc
2357,Litka
2358,Makkoshotyka
2359,Martonyi
2360,Mád
2361,Mályi
2362,Mályinka
2363,Megyaszó
2364,Meszes
2365,Mezőcsát
2366,Mezőkeresztes
2367,Mezőkövesd
2368,Mezőnagymihály
2369,Mezőnyárád
2370,Mezőzombor
2371,Méra
2372,Mikóháza
2373,Miskolc
2374,Mogyoróska
2375,Monaj
2376,Monok
2377,Muhi
2378,Múcsony
2379,Nagybarca
2380,Nagycsécs
2381,Nagyhuta
2382,Nagykinizs
2383,Nagyrozvágy
2384,Nekézseny
2385,Nemesbikk
2386,Négyes
2387,Novajidrány
2388,Nyékládháza
2389,Nyésta
2390,Nyíri
2391,Nyomár
2392,Olaszliszka
2393,Onga
2394,Oszlár
2395,Ónod
2396,Ózd
2397,Pamlény
2398,Parasznya
2399,Pácin
2400,Pálháza
2401,Pányok
2402,Pere
2403,Perecse
2404,Perkupa
2405,Prügy
2406,Pusztafalu
2407,Pusztaradvány
2408,Putnok
2409,Radostyán
2410,Ragály
2411,Rakaca
2412,Rakacaszend
2413,Rásonysápberencs
2414,Rátka
2415,Regéc
2416,Répáshuta
2417,Révleányvár
2418,Ricse
2419,Rudabánya
2420,Sajóbábony
2421,Sajóecseg
2422,Sajógalgóc
2423,Sajóhídvég
2424,Sajóivánka
2425,Sajókaza
2426,Sajókápolna
2427,Sajókeresztúr
2428,Sajólád
2429,Sajólászlófalva
2430,Sajómercse
2431,Sajónémeti
2432,Sajóörös
2433,Sajópálfala
2434,Sajópetri
2435,Sajópüspöki
2436,Sajósenye
2437,Sajószentpéter
2438,Sajószöged
2439,Sajóvámos
2440,Sajóvelezd
2441,Sály
2442,Sárazsadány
2443,Sárospatak
2444,Sáta
2445,Sátoraljaújhely
2446,Selyeb
2447,Semjén
2448,Serényfalva
2449,Sima
2450,Sóstófalva
2451,Szakácsi
2452,Szakáld
2453,Szalaszend
2454,Szalonna
2455,Szászfa
2456,Szegi
2457,Szegilong
2458,Szemere
2459,Szendrő
2460,Szendrőlád
2461,Szentistván
2462,Szentistvánbaksa
2463,Szerencs
2464,Szikszó
2465,Szin
2466,Szinpetri
2467,Szirmabesenyő
2468,Szomolya
2469,Szögliget
2470,Szőlősardó
2471,Szuhafő
2472,Szuhakálló
2473,Szuhogy
2474,Taktabáj
2475,Taktaharkány
2476,Taktakenéz
2477,Taktaszada
2478,Tarcal
2479,Tard
2480,Tardona
2481,Telkibánya
2482,Teresztenye
2483,Tibolddaróc
2484,Tiszabábolna
2485,Tiszacsermely
2486,Tiszadorogma
2487,Tiszakarád
2488,Tiszakeszi
2489,Tiszaladány
2490,Tiszalúc
2491,Tiszapalkonya
2492,Tiszatardos
2493,Tiszatarján
2494,Tiszaújváros
2495,Tiszavalk
2496,Tokaj
2497,Tolcsva
2498,Tomor
2499,Tornabarakony
2500,Tornakápolna
2501,Tornanádaska
2502,Tornaszentandrás
2503,Tornaszentjakab
2504,Tornyosnémeti
2505,Trizs
2506,Uppony
2507,Újcsanálos
2508,Vadna
2509,Vajdácska
2510,Varbó
2511,Varbóc
2512,Vatta
2513,Vágáshuta
2514,Vámosújfalu
2515,Vilmány
2516,Vilyvitány
2517,Viss
2518,Viszló
2519,Vizsoly
2520,Zalkod
2521,Zádorfalva
2522,Zemplénagárd
2523,Ziliz
2524,Zubogy
2525,Zsujta
2526,Szentistvánd
2527,Damak
2528,Ormosbánya
2529,Ládbesenyő
2530,Tállya
2531,Ambrózfalva
2532,Apátfalva
2533,Árpádhalom
2534,Ásotthalom
2535,Baks
2536,Balástya
2537,Bordány
2538,Csanádalberti
2539,Csanádpalota
2540,Csanytelek
2541,Csengele
2542,Csongrád
2543,Derekegyház
2544,Deszk
2545,Domaszék
2546,Dóc
2547,Eperjes
2548,Fábiánsebestyén
2549,Felgyő
2550,Ferencszállás
2551,Forráskút
2552,Földeák
2553,Királyhegyes
2554,Kistelek
2555,Kiszombor
2556,Klárafalva
2557,Kövegy
2558,Kübekháza
2559,Magyarcsanád
2560,Makó
2561,Maroslele
2562,Mártély
2563,Mindszent
2564,Mórahalom
2565,Nagyér
2566,Nagylak
2567,Nagymágocs
2568,Nagytőke
2569,Óföldeák
2571,Öttömös
2572,Pitvaros
2573,Pusztamérges
2574,Pusztaszer
2575,Röszke
2576,Ruzsa
2577,Sándorfalva
2578,Szatymaz
2579,Szeged
2580,Szegvár
2581,Szentes
2582,Székkutas
2583,Tiszasziget
2584,Tömörkény
2585,Újszentiván
2586,Üllés
2587,Zákányszék
2588,Zsombó
2589,Ópusztaszer
2590,Hódmezővásárhely
2591,Abda
2592,Acsalag
2593,Agyagosszergény
2594,Ágfalva
2595,Árpás
2596,Ásványráró
2597,Babót
2598,Barbacs
2599,Bágyogszovát
2600,Beled
2601,Bezenye
2602,Bezi
2603,Bodonhely
2604,Bogyoszló
2605,Börcs
2606,Bősárkány
2607,Cakóháza
2608,Cirák
2609,Csapod
2610,Csáfordjánosfa
2611,Csér
2612,Csorna
2613,Darnózseli
2614,Dénesfa
2615,Dör
2616,Dunakiliti
2617,Dunaremete
2618,Dunaszeg
2619,Dunaszentpál
2620,Dunasziget
2621,Ebergőc
2622,Edve
2623,Egyed
2624,Egyházasfalu
2625,Enese
2626,Écs
2627,Fehértó
2628,Feketeerdő
2629,Felpéc
2630,Fertőboz
2631,Fertőd
2632,Fertőendréd
2633,Fertőhomok
2634,Fertőszentmiklós
2635,Fertőszéplak
2636,Gönyű
2637,Gyalóka
2638,Gyóró
2639,Gyömöre
2640,Győr
2641,Győrasszonyfa
2642,Győrladamér
2643,Győrság
2644,Győrsövényház
2645,Győrszemere
2646,Győrújbarát
2647,Győrújfalu
2648,Győrzámoly
2649,Halászi
2650,Harka
2651,Hegyeshalom
2652,Hegykő
2653,Hédervár
2654,Hidegség
2655,Himód
2656,Hövej
2657,Ikrény
2658,Iván
2659,Jánossomorja
2660,Jobaháza
2661,Kajárpéc
2662,Kapuvár
2663,Kimle
2664,Kisbabot
2665,Kisbajcs
2666,Kisbodak
2667,Kisfalud
2668,Koroncó
2669,Kóny
2670,Kópháza
2671,Kunsziget
2672,Levél
2673,Lébény
2674,Lipót
2675,Lövő
2676,Maglóca
2677,Magyarkeresztúr
2678,Markotabödöge
2679,Máriakálnok
2680,Mecsér
2681,Mezőörs
2682,Mérges
2683,Mihályi
2684,Mosonmagyaróvár
2685,Mosonszentmiklós
2686,Mosonszolnok
2687,Mórichida
2688,Nagybajcs
2689,Nagycenk
2690,Nagylózs
2691,Nagyszentjános
2692,Nemeskér
2693,Nyalka
2694,Nyúl
2695,Osli
2696,Öttevény
2697,Pannonhalma
2698,Páli
2699,Pásztori
2700,Pázmándfalu
2701,Pereszteg
2702,Petőháza
2703,Pér
2704,Pinnye
2705,Potyond
2706,Pusztacsalád
2707,Püski
2708,Rajka
2709,Ravazd
2710,Rábacsanak
2711,Rábacsécsény
2712,Rábakecöl
2713,Rábapatona
2714,Rábapordány
2715,Rábasebes
2716,Rábaszentandrás
2717,Rábaszentmihály
2718,Rábaszentmiklós
2719,Rábatamási
2720,Rábcakapi
2721,Répceszemere
2722,Répcevis
2723,Röjtökmuzsaj
2724,Sarród
2725,Sobor
2726,Sokorópátka
2727,Sopron
2728,Sopronhorpács
2729,Sopronkövesd
2730,Sopronnémeti
2731,Szakony
2732,Szany
2733,Szárföld
2734,Szil
2735,Szilsárkány
2736,Táp
2737,Tápszentmiklós
2738,Tárnokréti
2739,Tényő
2740,Tét
2741,Töltéstava
2742,Und
2743,Újkér
2744,Újrónafő
2745,Vadosfa
2746,Vág
2747,Vámosszabadi
2748,Várbalog
2749,Vásárosfalu
2750,Veszkény
2751,Vének
2752,Vitnyéd
2753,Völcsej
2754,Zsebeháza
2755,Zsira
2756,Farád
2757,Rétalap
2758,Tarjánpuszta
2759,Fertőújlak
2760,Fertőrákos
2761,Aka
2762,Almásfüzitő
2763,Ács
2764,Ácsteszér
2765,Baj
2766,Bajna
2767,Bajót
2768,Bakonybánk
2769,Bakonysárkány
2770,Bakonyszombathely
2771,Bana
2772,Bábolna
2773,Bársonyos
2774,Bokod
2775,Csatka
2776,Császár
2777,Csém
2778,Csép
2779,Csolnok
2780,Dad
2781,Dág
2782,Dorog
2783,Dömös
2784,Dunaalmás
2785,Dunaszentmiklós
2786,Epöl
2787,Esztergom
2788,Ete
2789,Gyermely
2790,Héreg
2791,Kecskéd
2792,Kerékteleki
2793,Kesztölc
2794,Kisbér
2795,Kisigmánd
2796,Kocs
2797,Komárom
2798,Kömlőd
2799,Környe
2800,Lábatlan
2801,Leányvár
2802,Máriahalom
2803,Mocsa
2804,Mogyorósbánya
2805,Nagyigmánd
2806,Nagysáp
2807,Neszmély
2808,Nyergesújfalu
2809,Oroszlány
2810,Piliscsév
2811,Pilismarót
2812,Réde
2813,Sárisáp
2814,Súr
2815,Süttő
2816,Szákszend
2817,Szomor
2818,Szomód
2819,Tardos
2820,Tarján
2821,Tata
2822,Tatabánya
2823,Tárkány
2824,Tát
2825,Tokod
2826,Úny
2827,Várgesztes
2828,Vérteskethely
2829,Vértessomló
2830,Vértesszőlős
2831,Vértestolna
2832,Tokodaltáró
2833,Naszály
2834,Acsád
2835,Alsószölnök
2836,Andrásfa
2837,Apátistvánfalva
2838,Bajánsenye
2839,Balogunyom
2840,Bejcgyertyános
2841,Bérbaltavár
2842,Boba
2843,Borgáta
2844,Bozzai
2845,Bozsok
2846,Bögöt
2847,Bögöte
2848,Bő
2849,Bucsu
2850,Bük
2851,Cák
2852,Celldömölk
2853,Chernelházadamonya
2854,Csákánydoroszló
2855,Csánig
2856,Csehi
2857,Csehimindszent
2858,Csempeszkopács
2859,Csepreg
2860,Csénye
2861,Csipkerek
2862,Csönge
2863,Csörötnek
2864,Daraboshegy
2865,Dozmat
2866,Döbörhegy
2867,Döröske
2868,Duka
2869,Egervölgy
2870,Egyházashetye
2871,Egyházashollós
2872,Egyházasrádóc
2873,Felsőcsatár
2874,Felsőjánosfa
2875,Felsőmarác
2876,Felsőszölnök
2877,Gasztony
2878,Gencsapáti
2879,Gersekarát
2880,Gérce
2881,Gór
2882,Gyanógeregye
2883,Gyöngyösfalu
2884,Győrvár
2885,Halastó
2886,Halogy
2887,Harasztifalu
2888,Hegyfalu
2889,Hegyháthodász
2890,Hegyhátsál
2891,Hegyhátszentjakab
2892,Hegyhátszentmárton
2893,Hegyhátszentpéter
2894,Horvátlövő
2895,Horvátzsidány
2896,Hosszúpereszteg
2897,Ikervár
2898,Iklanberény
2899,Ispánk
2900,Ivánc
2901,Ják
2902,Jákfa
2903,Jánosháza
2904,Karakó
2905,Katafa
2906,Káld
2907,Kám
2908,Keléd
2909,Kemeneskápolna
2910,Kemenesmagasi
2911,Kemenespálfa
2912,Kemenesszentmárton
2913,Kenéz
2914,Kenyeri
2915,Kercaszomor
2916,Kerkáskápolna
2917,Kétvölgy
2918,Kisrákos
2919,Kissomlyó
2920,Kisunyom
2921,Kiszsidány
2922,Kondorfa
2923,Köcsk
2924,Körmend
2925,Kőszeg
2926,Kőszegdoroszló
2927,Kőszegpaty
2928,Kőszegszerdahely
2929,Lócs
2930,Lukácsháza
2931,Magyarlak
2932,Magyarnádalja
2933,Magyarszecsőd
2934,Magyarszombatfa
2935,Meggyeskovácsi
2936,Megyehid
2937,Mersevát
2938,Mesterháza
2939,Mesteri
2940,Meszlen
2941,Mikosszéplak
2942,Molnaszecsőd
2943,Nagygeresd
2944,Nagykölked
2945,Nagymizdó
2946,Nagyrákos
2947,Nagysimonyi
2948,Nagytilaj
2949,Narda
2950,Nádasd
2951,Nárai
2952,Nemesbőd
2953,Nemescsó
2954,Nemeskeresztúr
2955,Nemeskocs
2956,Nemeskolta
2957,Nemesládony
2958,Nemesmedves
2959,Nemesrempehollós
2960,Nick
2961,Nyőgér
2962,Olaszfa
2963,Orfalu
2964,Ostffyasszonyfa
2965,Oszkó
2966,Ólmod
2967,Ölbő
2968,Őrimagyarósd
2969,Őriszentpéter
2970,Pankasz
2971,Pácsony
2972,Pápoc
2973,Pecöl
2974,Perenye
2975,Peresznye
2976,Petőmihályfa
2977,Pinkamindszent
2978,Pornóapáti
2979,Porpác
2980,Pósfa
2981,Pusztacsó
2982,Püspökmolnári
2983,Rábagyarmat
2984,Rábahidvég
2985,Rábapaty
2986,Rádóckölked
2987,Rátót
2988,Répcelak
2989,Répceszentgyörgy
2990,Rönök
2991,Rum
2992,Sajtoskál
2993,Salköveskút
2994,Sárfimizdó
2995,Sárvár
2996,Sé
2997,Simaság
2998,Sitke
2999,Sorkifalud
3000,Sorkikápolna
3001,Sorokpolány
3002,Sótony
3003,Söpte
3004,Szaknyér
3005,Szakonyfalu
3006,Szalafő
3007,Szarvaskend
3008,Szatta
3009,Szeleste
3010,Szemenye
3011,Szentgotthárd
3012,Szentpéterfa
3013,Szergény
3014,Szombathely
3015,Szőce
3016,Tanakajd
3017,Táplánszentkereszt
3018,Telekes
3019,Tokorcs
3020,Tompaládony
3021,Torony
3022,Uraiújfalu
3023,Vasalja
3024,Vasasszonyfa
3025,Vasegerszeg
3026,Vashosszúfalu
3027,Vaskeresztes
3028,Vassurány
3029,Vasszentmihály
3030,Vasszécseny
3031,Vasszilvágy
3032,Vasvár
3033,Vámoscsalád
3034,Vásárosmiske
3035,Vát
3036,Velem
3037,Velemér
3038,Vép
3039,Viszák
3040,Vönöck
3041,Zsennye
3042,Zsédeny
3043,Kemenesmihályfa
3044,Kemenessömjén
3045,Kemenestaródfa
3046,Rábatöttös
3047,Alsóújlak
3048,Tormásliget
3049,Tömörd
3050,Almáskamarás
3051,Battonya
3052,Békés
3053,Békéscsaba
3054,Békéssámson
3055,Békésszentandrás
3056,Bélmegyer
3057,Bucsa
3058,Csabacsűd
3059,Csanádapáca
3060,Csárdaszállás
3061,Csorvás
3062,Dévaványa
3063,Doboz
3064,Dombegyház
3065,Dombiratos
3066,Ecsegfalva
3067,Elek
3068,Füzesgyarmat
3069,Gádoros
3070,Gerendás
3071,Geszt
3072,Gyomaendrőd
3073,Gyula
3074,Hunya
3075,Kamut
3076,Kardos
3077,Kardoskút
3078,Kaszaper
3079,Kertészsziget
3080,Kevermes
3081,Kétegyháza
3082,Kétsoprony
3083,Kisdombegyház
3084,Kondoros
3085,Körösladány
3086,Körösnagyharsány
3087,Köröstarcsa
3088,Körösújfalu
3089,Kötegyán
3090,Kunágota
3091,Lőkösháza
3092,Magyarbánhegyes
3093,Magyardombegyház
3094,Medgyesbodzás
3095,Medgyesegyháza
3096,Mezőberény
3097,Mezőgyán
3098,Mezőhegyes
3099,Mezőkovácsháza
3100,Méhkerék
3101,Murony
3102,Nagybánhegyes
3103,Nagykamarás
3104,Nagyszénás
3105,Okány
3106,Orosháza
3107,Örménykút
3108,Pusztaföldvár
3109,Pusztaottlaka
3110,Sarkad
3111,Sarkadkeresztúr
3112,Szabadkígyós
3113,Szarvas
3114,Szeghalom
3115,Tarhos
3116,Telekgerendás
3117,Tótkomlós
3118,Újkígyós
3119,Újszalonta
3120,Végegyháza
3121,Vésztő
3122,Zsadány
3123,Csabaszabadi
3124,Biharugra
3126,Gyulavári
3128,Kiskundorozsma
3130,Uzsa
3131,Szerecseny
3132,Kulcs
3133,Csataszög
3134,Somoskőújfalu
3135,Algyő
3136,Kistarcsa
3137,Gibárt
3141,Pilisjászfalu
3142,Ipolyszög
3143,Kerekharaszt
3144,Pétfürdő
3145,Bőny
3146,Balatonakarattya
3147,Szarvaskő
3148,Óbarok
3150,Zichyújfalu
3151,Farkaslyuk
